"month","year","TN_ugL_epi","TN_ugL_hypo","TP_ugL_epi","TP_ugL_hypo","anoxic_depth","Temp_C_epi","Temp_C_hypo","DO_mgL_epi","waterlevel","diff","therm_depth","oxy_depth","SS","BF","Green_ugL","Bluegreen_ugL","Brown_ugL","Mixed_ugL","secchi"
5,2014,200.5,298.5,7.75,16.9,10.0294117647059,21.7513245901639,6.73443518518518,9.34941868852459,12.9182795698925,1.68661290322581,3.75190992416243,4.61022545828294,79.6298537289763,0.00765473016285637,1.359375,0.01375,6.930625,0.983125,3.5
5,2015,345.333333333333,1390.66666666667,22,70.6666666666667,7.00746268656716,21.7774302752294,7.50057746478873,8.45307201834862,11.2311827956989,0.0996774193548386,3.86253038359654,4.02194696592943,66.6220669920214,0.00610002684791482,1.675,0,2.2725,0.205,3.9
5,2016,241.783333333333,442.5,13.0833333333333,29.9166666666667,8.1,20.2840887978142,7.75264936708861,8.81104918032787,11.4857142857143,0.231950844854074,5.34509283351255,6.28267160228729,51.1005802263501,0.00441228353561114,2.11685714285714,0.00657142857142857,3.18457142857143,0.0534285714285714,3.26666666666667
5,2019,177,1138.5,2.775,26.15,8.33333333333333,22.8666666666667,8.13333333333333,9.24666666666667,11.2064516129032,0.421689708141322,4.70771474028706,7.61735337304804,67.8071788114468,0.00794586123345102,1.12452054794521,0.138082191780822,0.454383561643836,0.181780821917808,4.15
5,2020,222,640,20.3,18.7,8.3,14.8,8.2,8.87,11.5177419354839,1.0690782315467,8.94898168911752,8.00691644689256,9.91764591719525,0.00268452398415322,NA,NA,NA,NA,3.75
5,2021,177.333333333333,350,15.1,18.1666666666667,8,17.3524539267016,8.46811428571429,8.53911308900524,11.1093703709936,0.412582961844986,3.89522831219101,4.70218928077638,37.6040181098202,0.00550317621834882,4.90592592592593,0.382962962962963,2.25259259259259,0.17462962962963,2.65
6,2014,184.2,1000.3,8.96666666666667,33.85,8,25.5985323232323,6.831425,7.54364171717172,12.4508080808081,1.68661290322581,3.55307792664736,3.30260243854833,122.592150615952,0.0148508259129639,2.47190476190476,0.0695238095238095,1.08238095238095,0.185714285714286,4.43333333333333
6,2015,340.818181818182,1345.09090909091,14.0545454545455,48.1818181818182,5.74719101123596,27.3505899230231,7.81136469026549,7.25603344996501,11.1631111111111,0.0996774193548386,3.08869639253586,3.04952969216958,105.605956266625,0.0108357473588535,1.94,0.148666666666667,1.83685714285714,0.353333333333333,3.1
6,2016,191.8,849.2,11.5625,40.65,7.93296089385475,24.009356547619,7.84695857988166,7.02792829761905,11.31,0.231950844854074,4.75882236447706,4.26060391918941,77.489612843826,0.0105420184305122,1.86387387387387,0.0362162162162162,2.40279279279279,0.580630630630631,3.52142857142857
6,2019,138.3,1832.5,3.96,48.15,7.16666666666667,23.5210525,8.36808181818182,7.865752,11.125,0.421689708141322,4.54462728424574,6.47029214378851,77.0917607206178,0.00935741657960744,1.04647058823529,0.137941176470588,0.663529411764706,0.247058823529412,4.18
6,2020,192.5,1084.5,13.1,39.1,6.75510204081633,21.6372616564417,9.18224920634921,5.73648435582822,12.0351405418782,1.0690782315467,7.68574939597065,3.28723205305392,66.0483960880992,0.00134863592302712,6.47717391304348,0.14,0.401086956521739,0.219565217391304,3.25
6,2021,175,743.5,8.05,27.75,6.25,24.8205510204082,8.80435477031802,7.67485714285714,11.1222501092533,0.412582961844986,3.83322776548634,4.31763445724244,84.9886145725665,0.0145209483287475,3.29863636363636,0.91,1.35590909090909,0.240909090909091,2.95
7,2014,253.85,1477.16,13.1,45.32,4.81465517241379,25.8208668674699,6.99165866666667,7.53632180722892,11.8381964809384,1.68661290322581,3.5207872825596,2.37021712417714,106.944332839814,0.0151115980045213,6.72090909090909,0.195681818181818,1.40113636363636,0.337045454545455,2.54
7,2015,285.68,1360.98,11.86,42.82,4.10267857142857,26.1420172413793,7.76380675675676,7.39750157088123,11.248064516129,0.0996774193548386,4.00513297687344,3.68021201843967,98.4716401265005,0.0100504977401909,3.30190476190476,0.494761904761905,2.21047619047619,0.532857142857143,2.72
7,2016,238.74,910.9,12.36,29.68,5.7,28.2591807079646,8.265165,7.46318552212389,11.2634408602151,0.231950844854074,4.42794622267587,3.23441126588096,107.625742482165,0.00993610034549205,3.06674418604651,0.254418604651163,1.67604651162791,0.68953488372093,2.73
7,2019,208.2,2277,3.6,50.175,6.2,26.969423024055,8.5536934126258,7.13357173539519,11.0590838709677,0.421689708141322,4.5837266601782,5.18715031764992,95.2213420743148,0.0122598834861877,1.48285714285714,0.36734693877551,0.717040816326531,0.161224489795918,3.3325
7,2020,257.6,1450.9,12.56,53.22,5.29237288135593,27.4415340690979,9.45888218085106,5.2936056621881,11.7129143813606,1.0690782315467,5.20617621494194,2.60071017009505,102.274022131566,0.00484303602410613,3.60340425531915,0.606170212765957,0.711063829787234,0.444255319148936,2.67
7,2021,241,975,13.6333333333333,32.8,4.26744186046512,27.0708496855346,8.96251105263158,7.88813647798742,10.9967330635457,0.412582961844986,4.41862768913099,3.08498446337074,92.6711427429749,0.0124095557399631,5.49736842105263,2.57263157894737,4.92210526315789,0.0794736842105263,2.625
8,2014,166.7,1009.2,8.5,21,4.5,21.6071586206897,7.12931,7.15832862068966,11.3685483870968,1.68661290322581,4.12543514983788,3.62545892998835,63.3349897670019,0.0133213980850027,4.55166666666667,0.638333333333333,1.17666666666667,0.401666666666667,2.6
8,2015,225.5,1594.6,9.9,30.9,5,25.9,8.3,6.34,11.1483870967742,0.0996774193548386,5.5316732494879,NA,65.6018707635155,0.0100169855040746,3.27222222222222,0.22,2.89666666666667,1.57666666666667,2.5
8,2016,256.6,1307.88,14.84,30.24,4,26.7724264248705,8.47402916666667,5.44738512953368,11.2537634408602,0.231950844854074,5.12698371077037,3.82119705453458,90.944096355112,0.00946855095731839,5.51049382716049,0.660987654320988,4.43543209876543,1.89567901234568,2.3025
8,2019,193.7,2192,8.46,27.1333333333333,4.375,27.0649319587629,8.79258585209003,7.01025670103093,11.0198156682028,0.421689708141322,5.80423602431555,2.92088212127279,97.0480477746447,0.0119162887563678,8.22194444444444,0.269166666666667,1.39222222222222,0.231388888888889,2.36666666666667
8,2020,271.5,2173.33333333333,15.025,31.5666666666667,3.375,26.8089731343284,9.80649147640792,5.54411741293532,11.1071991659522,1.0690782315467,3.63449530795368,2.23033390251263,93.6124803318203,0.0127479314732135,5.79235849056604,1.57584905660377,2.63801886792453,0.054622641509434,2.225
8,2021,361,1590,17.8,24.95,3.9,26.65,9.4,9.12,10.798510349561,0.412582961844986,4.44867286258777,NA,56.3199600961263,0.00495804814198509,8.83571428571429,5.78959183673469,5.7830612244898,0,1.35
9,2014,172,1735,9,30.2,4,22.6261486842105,7.31638709677419,7.44136039473684,11.2316666666667,1.68661290322581,4.60736775678414,3.17125829387096,70.790278723671,0.00855967991110739,2.96333333333333,0.4675,1.25916666666667,0.388333333333333,3.55
9,2015,266.8,1355.65,13.45,23.6,4.98837209302326,24.5423746031746,8.18439047619048,7.42750793650794,11.1541666666667,0.0996774193548386,5.63890699065424,4.55305492806523,67.125445164412,0.011228165496379,NA,NA,NA,NA,NA
9,2016,256.133333333333,1346.66666666667,17.6,18.7666666666667,5.11827956989247,24.1796034050179,8.66892426470588,6.08413288530466,11.4388888888889,0.231950844854074,5.85296800644008,3.1821091061625,64.1981764912077,0.00995876621551914,15.0584745762712,0.0271186440677966,2.73813559322034,2.40661016949153,2.17
9,2019,226.333333333333,2555,21,42.35,4.5,25.2219216748768,9.11545535714286,4.88210344827586,10.7847619047619,0.421689708141322,6.25854429631824,NA,54.6442059301579,0.00611237292547067,7.2925,0.269375,1.61625,1.355625,2.4
9,2020,356.5,2300,22.25,23,3.75,24.7566572580645,9.85178775510204,5.45425564516129,10.9660623103315,1.0690782315467,3.77740792561851,2.73743229974817,70.9241119805183,0.0131364762890286,5.50045454545455,3.67272727272727,8.54863636363636,0.0309090909090909,1.525
9,2021,400,2022,20.35,33.75,4.40625,23.9,9.75,8.175,10.7096671474083,0.412582961844986,5.27703116715229,3.91154029540343,47.3310267775542,0.0115541571366279,16.6632075471698,5.45509433962264,5.35764150943396,0.253396226415094,1.75
